,name,iou,acc,precision,recall,pos,neg,tp,tn,fp,fn
0,m_3807612_ne_18_1_20170730_inference_,0.0,0.9999394490987414,0.0,,0,47166928,0,47164072,2856,0
1,m_3907625_se_18_1_20170609_inference_,0.0,0.9990421753994811,0.0,,0,47176696,0,47131509,45187,0
2,m_3807656_se_18_1_20170611_inference_,0.0,0.9999254357103721,0.0,,0,47073472,0,47069962,3510,0
3,m_3907717_nw_18_1_20170628_inference_,,1.0,,,0,48139756,0,48139756,0,0
4,m_3807606_ne_18_1_20170611_inference_,0.0,0.9996736702082303,0.0,,0,46909600,0,46894292,15308,0
5,m_3807724_nw_18_1_20170716_inference_,0.0,0.9995933184146325,0.0,,0,47803984,0,47784543,19441,0
6,m_3907655_sw_18_1_20170611_inference_,,1.0,,,0,46735348,0,46735348,0,0
7,m_3807561_se_18_1_20170611_inference_,0.5775317020896589,0.9994917621376329,0.7296028880866426,0.7348088896968595,44006,46497194,32336,46485210,11984,11670
8,m_3807618_ne_18_1_20170626_inference_,,1.0,,,0,47507980,0,47507980,0,0
9,m_3807604_ne_18_1_20170611_inference_,0.0,0.9994353262671586,0.0,,0,47121016,0,47094408,26608,0
10,m_3907541_ne_18_1_20170609_inference_,0.0,0.999906064545437,0.0,,0,46350976,0,46346622,4354,0
11,m_3807545_sw_18_1_20170611_inference_,0.16006884681583478,0.9996640781871786,0.9857568731368003,0.16043991589843118,18549,46468459,2976,46468416,43,15573
12,m_3907557_nw_18_1_20170709_inference_,0.46089523547988465,0.9991569111895491,0.7609321515199601,0.538934557831867,62284,46508136,33567,46497590,10546,28717
13,m_3907717_sw_18_1_20170628_inference_,,1.0,,,0,48139756,0,48139756,0,0
14,m_3807562_sw_18_1_20170611_inference_,,1.0,,,0,46541200,0,46541200,0,0
15,m_3807517_nw_18_1_20170611_inference_,0.5150268570679942,0.9996041139128689,0.8236674488769695,0.5788497217068646,33957,46719391,19656,46715183,4208,14301
16,m_3907642_sw_18_1_20170609_inference_,0.0,0.9994864689627884,0.0,,0,47268808,0,47244534,24274,0
17,m_3907634_se_18_1_20170609_inference_,0.0,0.9970836407621742,0.0,,0,47056960,0,46919725,137235,0
18,m_3907618_se_18_1_20170609_inference_,,1.0,,,0,46955740,0,46955740,0,0
19,m_3807636_ne_18_1_20170730_inference_,0.0,0.9999872775383695,0.0,,0,47396488,0,47395885,603,0
20,m_3907641_ne_18_1_20170609_inference_,0.0,0.9999767923066729,0.0,,0,47268808,0,47267711,1097,0
21,m_3807641_nw_18_1_20170716_inference_,,1.0,,,0,47867536,0,47867536,0,0
22,m_3907721_ne_18_1_20170628_inference_,0.0,0.999977306197238,0.0,,0,47546020,0,47544941,1079,0
23,m_3907624_se_18_1_20170709_inference_,0.0,0.9999871657700309,0.0,,0,46204564,0,46203971,593,0
24,m_3807537_sw_18_1_20170611_inference_,0.5457013782894484,0.9987243680484293,0.8747310572064374,0.5919627256843332,120190,46312482,71148,46302293,10189,49042
25,m_3907624_sw_18_1_20170611_inference_,0.0,0.9999005017474569,0.0,,0,46332472,0,46327862,4610,0
26,m_3807502_se_18_1_20170609_inference_,0.013901005120424805,0.9988806159722928,0.9243379571248423,0.013916840706284413,52670,46398770,733,46398710,60,51937
27,m_3807525_ne_18_1_20170611_inference_,0.6933036665325348,0.9997226464354898,0.8873337574600867,0.7602263289036545,38528,46678016,29290,46674297,3719,9238
28,m_3907661_se_18_1_20170611_inference_,0.0,0.9991636717798714,0.0,,0,46992316,0,46953015,39301,0
29,m_3907654_se_18_1_20170611_inference_,0.0,0.9915926552763956,0.0,,0,46772080,0,46378851,393229,0
30,m_3807627_se_18_1_20170626_inference_,0.0,0.999726038383045,0.0,,0,47433652,0,47420657,12995,0
31,m_3907661_ne_18_1_20170611_inference_,0.0,0.8598495531951386,0.0,,0,46900564,0,40327429,6573135,0
32,m_3807551_sw_18_1_20170611_inference_,0.5478775651065864,0.9992718653312985,0.944055624170898,0.5662624156286012,72892,46706916,41276,46704470,2446,31616
33,m_3907637_se_18_1_20170611_inference_,0.0,0.9990933903070007,0.0,,0,46799632,0,46757203,42429,0
34,m_3807739_nw_18_1_20170731_inference_,,1.0,,,0,48072112,0,48072112,0,0
35,m_3907643_se_18_1_20170611_inference_,0.0,0.9961835775191588,0.0,,0,47066068,0,46886444,179624,0
36,m_3807510_nw_18_1_20170611_inference_,0.7524339360222532,0.9998009338216792,0.8054052506513213,0.9196168807819294,30591,46466509,28132,46459712,6797,2459
37,m_3807534_sw_18_1_20170611_inference_,0.0,0.9913693563820196,0.0,,0,46853632,0,46449255,404377,0
38,m_3907626_sw_18_1_20170609_inference_,0.0,0.9998489822439471,0.0,,0,47093800,0,47086688,7112,0
39,m_3907650_se_18_1_20170716_inference_,0.0,0.9958658467765475,0.0,,0,47277880,0,47082426,195454,0
40,m_3807724_ne_18_1_20170716_inference_,,1.0,,,0,47720584,0,47720584,0,0
41,m_3807558_se_18_1_20170611_inference_,0.4061378715897929,0.9987358509695194,0.5756701851088918,0.5796724125599028,69905,46801151,40522,46771282,29869,29383
42,m_3907659_se_18_1_20170626_inference_,0.0,0.9997429662185625,0.0,,0,47203912,0,47191779,12133,0
43,m_3907651_sw_18_1_20170716_inference_,0.0,0.9958187018126021,0.0,,0,47194912,0,46997576,197336,0
44,m_3807554_ne_18_1_20170611_inference_,0.6133969018816064,0.9995081017069342,0.9232360376924845,0.6463626124112778,55933,46266651,36153,46263645,3006,19780
45,m_3807539_nw_18_1_20170611_inference_,0.1552555234444771,0.9967027417596042,0.9038039266339447,0.15786416090424032,177298,46008954,27989,46005975,2979,149309
46,m_3907641_sw_18_1_20170609_inference_,0.0,0.999629328088737,0.0,,0,47351848,0,47334296,17552,0
47,m_3807543_se_18_1_20170611_inference_,0.5238505634556875,0.9992183782291414,0.9562367411150573,0.5367181751287712,74745,46576975,40117,46575139,1836,34628
48,m_3807534_nw_18_1_20170611_inference_,,1.0,,,0,46807936,0,46807936,0,0
49,m_3907525_nw_18_1_20170709_inference_,0.0,0.9970849483860601,0.0,,0,46250296,0,46115474,134822,0
50,m_3907618_ne_18_1_20170609_inference_,,1.0,,,0,46955740,0,46955740,0,0
51,m_3807732_ne_18_1_20170716_inference_,,1.0,,,0,47812768,0,47812768,0,0
52,m_3807538_sw_18_1_20170611_inference_,0.5659482314117769,0.9979077044509073,0.9583042303137053,0.5802361875341893,217539,46050781,126224,46045289,5492,91315
53,m_3907655_se_18_1_20170611_inference_,,1.0,,,0,46652848,0,46652848,0,0
54,m_3807548_sw_18_1_20170611_inference_,0.0,0.9998652427892,0.0,,0,46149664,0,46143445,6219,0
55,m_3807550_ne_18_1_20170611_inference_,0.3413280076221188,0.9992321333062205,0.7324159622567329,0.3899564598509587,47772,46768948,18629,46762142,6806,29143
56,m_3907518_sw_18_1_20170709_inference_,0.0,0.999753673396249,0.0,,0,46040500,0,46029159,11341,0
57,m_3907630_nw_18_1_20170611_inference_,0.0,0.9999224121066997,0.0,,0,46579432,0,46575818,3614,0
58,m_3807664_se_18_1_20170611_inference_,0.0,0.9775082489245824,0.0,,0,47164936,0,46104114,1060822,0
59,m_3907656_ne_18_1_20170611_inference_,0.0,0.9992777383053058,0.0,,0,46524688,0,46491085,33603,0
60,m_3907557_se_18_1_20170709_inference_,0.5852467212799508,0.9997680264766458,0.9108158257018016,0.6208233038227734,24511,46463553,15217,46462063,1490,9294
61,m_3907621_ne_18_1_20170611_inference_,0.0,0.9998030031796008,0.0,,0,46579432,0,46570256,9176,0
62,m_3807549_sw_18_1_20170611_inference_,0.0,0.9223951650664055,0.0,,0,47027740,0,43378160,3649580,0
63,m_3807541_sw_18_1_20170611_inference_,0.0,0.9999695601391108,0.0,,0,46945024,0,46943595,1429,0
64,m_3807651_ne_18_1_20170626_inference_,0.0,0.9999840968095598,0.0,,0,47663392,0,47662634,758,0
65,m_3807555_se_18_1_20170611_inference_,,1.0,,,0,46277140,0,46277140,0,0
66,m_3907633_sw_18_1_20170609_inference_,0.0,0.9989773594460009,0.0,,0,47268808,0,47220469,48339,0
67,m_3907526_sw_18_1_20170609_inference_,0.0,0.9999611331180951,0.0,,0,46131820,0,46130027,1793,0
68,m_3907617_ne_18_1_20170609_inference_,0.0,0.9993808267129448,0.0,,0,47038528,0,47009403,29125,0
69,m_3907558_se_18_1_20170609_inference_,0.48645465253239106,0.999896549016698,0.8704732707415214,0.5244141752279811,8663,46351457,4543,46350781,676,4120
70,m_3807601_ne_18_1_20170716_inference_,0.0,0.9987192385672752,0.0,,0,47499088,0,47438253,60835,0
71,m_3907634_sw_18_1_20170609_inference_,0.0,0.9991779598105591,0.0,,0,47222752,0,47183933,38819,0
72,m_3807536_se_18_1_20170611_inference_,0.32282086395643755,0.9982019536718959,0.7776194565896315,0.35565454935009283,112016,46366208,39839,46354815,11393,72177
73,m_3807664_nw_18_1_20170611_inference_,0.0,0.9931866326862316,0.0,,0,47202064,0,46880459,321605,0
74,m_3807622_se_18_1_20170730_inference_,,1.0,,,0,47047120,0,47047120,0,0
75,m_3807739_se_18_1_20170731_inference_,,1.0,,,0,48034624,0,48034624,0,0
76,m_3807561_nw_18_1_20170611_inference_,0.5916403942889457,0.9976297911739771,0.9414075594422456,0.6142594013814274,260600,46354280,160076,46344317,9963,100524
77,m_3807624_sw_18_1_20170611_inference_,0.6034778875053671,0.9999606029543987,0.8017683970336565,0.7093111279333838,3963,46877725,2811,46877030,695,1152
78,m_3807706_ne_18_1_20170730_inference_,0.0,0.9999728214976221,0.0,,0,47795128,0,47793829,1299,0
79,m_3807648_ne_18_1_20170611_inference_,0.0,0.9999872841008307,0.0,,0,47027740,0,47027142,598,0
80,m_3807557_se_18_1_20170611_inference_,0.0,0.8612906744710178,0.0,,0,47082112,0,40551384,6530728,0
81,m_3807555_sw_18_1_20170611_inference_,,1.0,,,0,46322584,0,46322584,0,0
82,m_3807652_nw_18_1_20170626_inference_,0.0,0.9999622827298332,0.0,,0,47617444,0,47615648,1796,0
83,m_3907649_sw_18_1_20170716_inference_,0.0,0.9999628615038452,0.0,,0,47444032,0,47442270,1762,0
84,m_3807724_se_18_1_20170716_inference_,,1.0,,,0,47766676,0,47766676,0,0
85,m_3907630_se_18_1_20170611_inference_,0.0,0.999985722373093,0.0,,0,46506328,0,46505664,664,0
86,m_3807558_nw_18_1_20170611_inference_,0.0,0.9999255862690267,0.0,,0,46953700,0,46950206,3494,0
87,m_3807555_ne_18_1_20170611_inference_,0.0,0.9999540593908786,0.0,,0,46277140,0,46275014,2126,0
88,m_3907541_nw_18_1_20170709_inference_,0.0,0.999899477212521,,0.0,4663,46382829,0,46382829,0,4663
89,m_3807604_sw_18_1_20170626_inference_,0.0,0.9998371109580918,0.0,,0,47203912,0,47196223,7689,0
90,m_3807525_se_18_1_20170611_inference_,0.7675171594188839,0.9995897092373741,0.8805949382939351,0.856672983216026,73880,46651520,63291,46642938,8582,10589
91,m_3907652_ne_18_1_20170611_inference_,0.0,0.9984256314161123,0.0,,0,46983280,0,46909311,73969,0
92,m_3807603_nw_18_1_20170716_inference_,0.0,0.9988223583370271,0.0,,0,47286880,0,47231193,55687,0
93,m_3807612_se_18_1_20170730_inference_,,1.0,,,0,47212840,0,47212840,0,0
94,m_3807604_nw_18_1_20170611_inference_,0.0,0.9982189434641411,0.0,,0,47157964,0,47073973,83991,0
95,m_3907660_se_18_1_20170611_inference_,0.0,0.9999459799387804,0.0,,0,47075104,0,47072561,2543,0
96,m_3807633_se_18_1_20170626_inference_,,1.0,,,0,47821480,0,47821480,0,0
97,m_3907630_ne_18_1_20170611_inference_,,1.0,,,0,46542880,0,46542880,0,0
98,m_3907660_sw_18_1_20170626_inference_,,1.0,,,0,47157964,0,47157964,0,0
99,m_3807548_nw_18_1_20170611_inference_,0.0,0.9992594176121181,0.0,,0,46104256,0,46070112,34144,0
100,m_3807627_nw_18_1_20170716_inference_,0.0,0.9999816065054886,0.0,,0,47516800,0,47515926,874,0
101,m_3907719_sw_18_1_20170628_inference_,0.0,0.9993203317154119,0.0,,0,47842456,0,47809939,32517,0
102,m_3807638_ne_18_1_20170730_inference_,,1.0,,,0,47147584,0,47147584,0,0
103,m_3807525_sw_18_1_20170611_inference_,0.6590648877257752,0.9993770494798869,0.8045065601825442,0.7847425089725398,71886,46772926,56412,46759218,13708,15474
104,m_3907654_ne_18_1_20170611_inference_,0.0,0.9954021551916011,0.0,,0,46726240,0,46511400,214840,0
105,m_3907718_se_18_1_20170630_inference_,0.0,0.9986837426035564,0.0,,0,47972380,0,47909236,63144,0
106,m_3807614_sw_18_1_20170730_inference_,,1.0,,,0,47047120,0,47047120,0,0
107,m_3807535_ne_18_1_20170611_inference_,0.49413569918626193,0.9986688514635912,0.9655051431305318,0.5030160022599246,120358,46440186,60542,46438023,2163,59816
108,m_3807634_sw_18_1_20170626_inference_,0.0,0.999050338848986,0.0,,0,47738080,0,47692745,45335,0
109,m_3807617_se_18_1_20170716_inference_,0.0,0.9998581572372682,0.0,,0,47637256,0,47630499,6757,0
110,m_3907623_se_18_1_20170611_inference_,,1.0,,,0,46414720,0,46414720,0,0
111,m_3807617_sw_18_1_20170716_inference_,0.0,0.999865214899502,0.0,,0,47683312,0,47676885,6427,0
112,m_3807509_ne_18_1_20170709_inference_,0.35491211643535253,0.998832647237268,0.9131800439131496,0.36730613546598634,81526,46543626,29945,46540779,2847,51581
113,m_3807662_sw_18_1_20170730_inference_,,1.0,,,0,47459680,0,47459680,0,0
114,m_3807553_nw_18_1_20170611_inference_,0.7067324955116696,0.999859582084995,0.9694618889299348,0.7228240910760191,21784,46510740,15746,46510244,496,6038
115,m_3807643_ne_18_1_20170626_inference_,0.0,0.9997165319333241,0.0,,0,47571496,0,47558011,13485,0
116,m_3807560_ne_18_1_20170611_inference_,0.4367256001149921,0.9974804991089666,0.6530701440137565,0.5686541184984621,160289,46500143,91149,46451722,48421,69140
117,m_3807747_nw_18_1_20170731_inference_,0.0,0.9999813376522467,0.0,,0,48118276,0,48117378,898,0
118,m_3807628_nw_18_1_20170626_inference_,,1.0,,,0,47433652,0,47433652,0,0
119,m_3907636_se_18_1_20170611_inference_,0.0,0.9996906642817511,0.0,,0,46845544,0,46831053,14491,0
120,m_3907550_nw_18_1_20170609_inference_,0.0,0.9997427585250913,0.0,0.0,9559,46304901,0,46302546,2355,9559
121,m_3807639_ne_18_1_20170709_inference_,0.6271905031091012,0.9999719475058079,0.6752891052951917,0.8980169971671388,2471,47016521,2219,47015454,1067,252
122,m_3807559_nw_18_1_20170611_inference_,0.6120327332242226,0.9993673195873295,0.903475201979203,0.6548521315195921,71381,46762691,46744,46757697,4994,24637
123,m_3807527_sw_18_1_20170611_inference_,0.5094708542099474,0.9993970038443419,0.7681151791119417,0.6020713416269522,48471,46548841,29183,46540031,8810,19288
124,m_3907626_ne_18_1_20170609_inference_,0.0,0.999988267246616,0.0,,0,47047780,0,47047228,552,0
125,m_3807537_nw_18_1_20170611_inference_,0.46172051548280707,0.9984815433408614,0.9272211575316213,0.4790829946846012,126237,46306435,60478,46301688,4747,65759
126,m_3807614_ne_18_1_20170730_inference_,,1.0,,,0,46955440,0,46955440,0,0
127,m_3807610_ne_18_1_20170716_inference_,0.0,0.9999516244166907,0.0,,0,47461960,0,47459664,2296,0
128,m_3907517_ne_18_1_20170609_inference_,,1.0,,,0,46113100,0,46113100,0,0
129,m_3807543_nw_18_1_20170611_inference_,0.30356655755591927,0.9995625266660613,0.7172897196261683,0.34482357953445136,25819,46662741,8903,46659232,3509,16916
130,m_3807652_se_18_1_20170730_inference_,,1.0,,,0,47580136,0,47580136,0,0
131,m_3907644_se_18_1_20170611_inference_,0.0,0.9965650396076746,0.0,,0,46937368,0,46776140,161228,0
132,m_3807502_sw_18_1_20170609_inference_,0.06457652220079917,0.99927933342863,0.24290519234811855,0.08084942625244892,28584,46422856,2311,46415653,7203,26273
133,m_3907623_sw_18_1_20170611_inference_,0.0,0.9999765392228465,0.0,,0,46460524,0,46459434,1090,0
134,m_3807650_ne_18_1_20170626_inference_,,1.0,,,0,47830120,0,47830120,0,0
135,m_3807536_sw_18_1_20170611_inference_,0.08558276725062568,0.9991211013342112,0.14873208807424954,0.16775436905961194,22831,46537713,3830,46515792,21921,19001
136,m_3807611_ne_18_1_20170626_inference_,,1.0,,,0,47295808,0,47295808,0,0
137,m_3807623_ne_18_1_20170709_inference_,0.0,0.9997408127131375,0.0,,0,46927456,0,46915293,12163,0
138,m_3807550_sw_18_1_20170611_inference_,0.0,0.9997984780434228,0.0,0.0,5153,46902887,0,46898587,4300,5153
139,m_3807616_sw_18_1_20170611_inference_,0.0,0.9996001936475863,0.0,,0,46790152,0,46771445,18707,0
140,m_3807542_sw_18_1_20170611_inference_,0.35511535209566375,0.9997719190921533,0.8678966789667897,0.375407010151312,15663,46801057,5880,46800162,895,9783
141,m_3907525_se_18_1_20170609_inference_,,1.0,,,0,46213888,0,46213888,0,0
142,m_3807628_ne_18_1_20170730_inference_,,1.0,,,0,47350576,0,47350576,0,0
143,m_3807637_sw_18_1_20170730_inference_,,1.0,,,0,47396488,0,47396488,0,0
144,m_3907664_sw_18_1_20170611_inference_,0.5984393757503002,0.999870940355024,0.8102031602708804,0.6960130313372634,12892,46639956,8973,46637854,2102,3919
145,m_3807644_se_18_1_20170730_inference_,0.0,0.9992974271226992,0.0,,0,47488312,0,47454948,33364,0
146,m_3807618_sw_18_1_20170626_inference_,0.0,0.9999386020945049,0.0,,0,47591200,0,47588278,2922,0
147,m_3807647_ne_18_1_20170709_inference_,,1.0,,,0,47147584,0,47147584,0,0
148,m_3907638_nw_18_1_20170611_inference_,0.0,0.9992173308851199,0.0,,0,46717060,0,46680496,36564,0
149,m_3807559_se_18_1_20170611_inference_,0.5337332383399913,0.9984346327013064,0.7944495994849168,0.619247942728514,135495,46689937,83905,46668228,21709,51590
150,m_3907620_sw_18_1_20170611_inference_,,1.0,,,0,46790380,0,46790380,0,0
151,m_3807537_ne_18_1_20170611_inference_,0.6996839859389002,0.9976647049457545,0.9420714851396381,0.7311405543314392,344920,46005540,252185,45990033,15507,92735
152,m_3807518_ne_18_1_20170611_inference_,0.4727955916870662,0.998876673645511,0.8458987437593497,0.5173561735948058,90717,46497703,46933,46489153,8550,43784
153,m_3807632_nw_18_1_20170611_inference_,0.0,0.9996820198393026,0.0,,0,46927456,0,46912534,14922,0
154,m_3907655_nw_18_1_20170611_inference_,,1.0,,,0,46689544,0,46689544,0,0
155,m_3807637_nw_18_1_20170730_inference_,,1.0,,,0,47350576,0,47350576,0,0
156,m_3907657_se_18_1_20170716_inference_,0.0,0.9993222772361522,0.0,,0,47453032,0,47420872,32160,0
157,m_3907631_se_18_1_20170611_inference_,0.0,0.9997983449347235,0.0,,0,46460524,0,46451155,9369,0
158,m_3807536_ne_18_1_20170611_inference_,0.6316809094002042,0.9980182273378538,0.8776136666963253,0.6927010407019362,227827,46204845,157816,46182837,22008,70011
159,m_3807626_sw_18_1_20170626_inference_,0.0,0.9999859834724818,0.0,,0,47729368,0,47728699,669,0
160,m_3807661_ne_18_1_20170730_inference_,,1.0,,,0,47496952,0,47496952,0,0
161,m_3907534_se_18_1_20170609_inference_,0.07551569764931121,0.9986092138418987,0.6721332479180013,0.07840382603497235,66910,46110570,5246,46108011,2559,61664
162,m_3907634_nw_18_1_20170609_inference_,0.0,0.9992558402139904,0.0,,0,47176696,0,47141589,35107,0
163,m_3807628_se_18_1_20170730_inference_,,1.0,,,0,47396488,0,47396488,0,0
164,m_3907657_ne_18_1_20170716_inference_,0.0,0.9997305546250448,0.0,,0,47453032,0,47440246,12786,0
165,m_3907557_ne_18_1_20170709_inference_,0.49002188952977455,0.9986254792175971,0.866319223761705,0.5301056961861221,115709,46326659,61338,46317194,9465,54371
166,m_3907720_nw_18_1_20170628_inference_,0.0,0.9997437787811356,0.0,,0,47712676,0,47700451,12225,0
167,m_3907632_se_18_1_20170611_inference_,0.0,0.9998313831844108,0.0,,0,46341760,0,46333946,7814,0
168,m_3807640_se_18_1_20170611_inference_,0.0,0.9999423899757194,0.0,,0,46936276,0,46933572,2704,0
169,m_3807601_sw_18_1_20170716_inference_,0.0,0.9980541651109522,0.0,,0,47545144,0,47452629,92515,0
170,m_3907533_nw_18_1_20170709_inference_,,1.0,,,0,46296028,0,46296028,0,0
171,m_3907533_se_18_1_20170609_inference_,0.0,0.9999527267732751,0.0,,0,46305280,0,46303091,2189,0
172,m_3807541_ne_18_1_20170611_inference_,0.14499484004127966,0.9997170763624045,0.33387791474825484,0.2040112532897722,11019,46842613,2248,46838128,4485,8771
173,m_3907534_ne_18_1_20170609_inference_,0.08617944212607072,0.9992784806669236,0.5546916416327973,0.0925849457291175,33904,46097916,3139,46095396,2520,30765
174,m_3907644_nw_18_1_20170611_inference_,0.0,0.9995834093680246,0.0,,0,46974172,0,46954603,19569,0
175,m_3907664_se_18_1_20170611_inference_,0.0,0.9987624118485511,0.0,0.0,12187,46558233,0,46512785,45448,12187
176,m_3807535_nw_18_1_20170611_inference_,0.5141288967025428,0.9995132788826522,0.8553288628905693,0.563095853097262,42586,46517958,23980,46513902,4056,18606
177,m_3807626_nw_18_1_20170626_inference_,0.0,0.9999873838241229,0.0,,0,47637256,0,47636655,601,0
178,m_3907650_nw_18_1_20170716_inference_,0.0,0.999080754043963,0.0,,0,47277880,0,47234420,43460,0
179,m_3807601_nw_18_1_20170716_inference_,0.0,0.9984351924562475,0.0,,0,47545144,0,47470745,74399,0
180,m_3807526_ne_18_1_20170611_inference_,0.6181662467087569,0.9988431850698031,0.7687439485960743,0.7593795376094461,115011,46519069,87337,46492796,26273,27674
181,m_3807563_sw_18_1_20170611_inference_,0.0,0.9999189743415441,0.0,,0,46368028,0,46364271,3757,0
182,m_3807739_ne_18_1_20170731_inference_,,1.0,,,0,47988496,0,47988496,0,0
183,m_3807633_nw_18_1_20170716_inference_,0.0,0.9999869932925539,0.0,,0,47821480,0,47820858,622,0
184,m_3807635_ne_18_1_20170626_inference_,,1.0,,,0,47525548,0,47525548,0,0
185,m_3807544_se_18_1_20170611_inference_,0.807025694893342,0.9997950269719873,0.9568414245682945,0.8375120540019286,47702,46558430,39951,46556628,1802,7751
186,m_3907526_ne_18_1_20170609_inference_,0.0,0.9998354169668291,0.0,,0,46086160,0,46078575,7585,0
187,m_3907622_nw_18_1_20170611_inference_,0.0,0.9999075209948849,0.0,,0,46497040,0,46492740,4300,0
188,m_3907533_sw_18_1_20170709_inference_,0.0,0.999978744872875,0.0,,0,46341760,0,46340775,985,0
189,m_3807628_sw_18_1_20170626_inference_,0.0,0.9997502406097679,0.0,,0,47433652,0,47421805,11847,0
190,m_3907719_se_18_1_20170628_inference_,0.0,0.999940993831922,0.0,,0,47842456,0,47839633,2823,0
191,m_3807608_se_18_1_20170611_inference_,0.255912330957298,0.9995212580786493,0.5903642231443061,0.31116601190717263,24691,46637193,7683,46631862,5331,17008
192,m_3907721_nw_18_1_20170628_inference_,0.0,0.999844902721642,0.0,,0,47583040,0,47575660,7380,0
193,m_3807640_sw_18_1_20170611_inference_,,1.0,,,0,47018992,0,47018992,0,0
194,m_3807653_nw_18_1_20170730_inference_,0.0,0.9999045332502049,0.0,,0,47451076,0,47446546,4530,0
195,m_3807656_nw_18_1_20170611_inference_,,1.0,,,0,47073472,0,47073472,0,0
196,m_3907526_se_18_1_20170609_inference_,,1.0,,,0,46086160,0,46086160,0,0
197,m_3807641_se_18_1_20170626_inference_,,1.0,,,0,47867536,0,47867536,0,0
198,m_3807654_nw_18_1_20170730_inference_,0.0,0.9999815276135788,0.0,,0,47368000,0,47367125,875,0
199,m_3807546_se_18_1_20170611_inference_,0.3079244497632551,0.9988503178891349,0.8748937428391913,0.32210746894177517,73491,46203649,23672,46200264,3385,49819
200,m_3907620_ne_18_1_20170611_inference_,0.0,0.9998977258791506,0.0,,0,46707808,0,46703031,4777,0
201,m_3807553_se_18_1_20170611_inference_,0.3893138033047117,0.9996358767593733,0.7759401740130869,0.43862287618892776,24602,46462406,10791,46459290,3116,13811
202,m_3907629_nw_18_1_20170611_inference_,0.0,0.999973773121616,0.0,,0,46707808,0,46706583,1225,0
203,m_3807552_nw_18_1_20170611_inference_,0.5944164052198426,0.9992351836116653,0.9775484642850466,0.6026437404201864,86771,46564949,52292,46563748,1201,34479
204,m_3807519_nw_18_1_20170611_inference_,0.7887727517144352,0.9993833922389131,0.941819557072244,0.8291751842904045,129144,46376920,107083,46370305,6615,22061
205,m_3907720_ne_18_1_20170628_inference_,0.0,0.9999659000471908,0.0,,0,47712676,0,47711049,1627,0
206,m_3807624_nw_18_1_20170611_inference_,0.0,0.9999119059023642,0.0,,0,46881688,0,46877558,4130,0
207,m_3807618_se_18_1_20170626_inference_,,1.0,,,0,47516800,0,47516800,0,0
208,m_3907645_sw_18_1_20170611_inference_,0.0,0.9992319069810927,0.0,,0,46891456,0,46855439,36017,0
209,m_3807730_se_18_1_20170731_inference_,0.0,0.9995612424933608,0.0,,0,48072112,0,48051020,21092,0
210,m_3807526_sw_18_1_20170611_inference_,0.29289680795813194,0.9992424034893227,0.8228856838206409,0.31260393126678887,46906,46678494,14663,46675338,3156,32243
211,m_3807623_se_18_1_20170709_inference_,0.0,0.9997356537162229,0.0,,0,46881688,0,46869295,12393,0
212,m_3807608_nw_18_1_20170611_inference_,0.8604311699977544,0.9999734085703215,0.8961524967840019,0.9557246196058867,8018,46736366,7663,46735478,888,355
213,m_3907632_nw_18_1_20170611_inference_,0.0,0.9995236990450694,0.0,,0,46378240,0,46356150,22090,0
214,m_3907632_sw_18_1_20170611_inference_,0.0,0.9995474601882262,0.0,,0,46378240,0,46357252,20988,0
215,m_3907557_sw_18_1_20170609_inference_,0.030967790487658037,0.999447009496586,0.9915662650602409,0.030975949414731453,26569,46543851,823,46543844,7,25746
216,m_3807519_sw_18_1_20170611_inference_,0.685295679610134,0.9991335323496738,0.9276667723860873,0.7239814524512797,121202,46384862,87748,46378020,6842,33454
217,m_3807503_nw_18_1_20170609_inference_,0.0,0.999280082344329,0.0,0.0,30716,46338476,0,46335810,2666,30716
218,m_3807551_se_18_1_20170611_inference_,0.6854268345567655,0.9991464585335064,0.91843806786967,0.7298524880571577,119109,46623787,86932,46616067,7720,32177
219,m_3807560_nw_18_1_20170611_inference_,0.48424531102763685,0.998290435406484,0.655294991047644,0.649756215846403,115471,46627425,75028,46587958,39467,40443
220,m_3807559_ne_18_1_20170611_inference_,0.6229509653230034,0.9990929819397439,0.9236352618821794,0.656778073363558,106756,46681728,70115,46675931,5797,36641
221,m_3807635_sw_18_1_20170716_inference_,,1.0,,,0,47608768,0,47608768,0,0
222,m_3807541_se_18_1_20170611_inference_,0.3881180856915836,0.999786542783726,0.7977386934673367,0.4304792895396922,14751,46884577,6350,46882967,1610,8401
223,m_3907533_ne_18_1_20170609_inference_,0.0,0.9998321861260144,,0.0,7763,46251821,0,46251821,0,7763
224,m_3807559_sw_18_1_20170611_inference_,0.577878394472281,0.999160612041683,0.7809079178205333,0.6896993289965682,78092,46792964,53860,46777853,15111,24232
225,m_3807549_se_18_1_20170611_inference_,0.0,0.9997730828555085,0.0,,0,46990720,0,46980057,10663,0
226,m_3807602_nw_18_1_20170716_inference_,0.0,0.9973724026139733,0.0,,0,47415940,0,47291350,124590,0
227,m_3807526_se_18_1_20170611_inference_,0.2562528899911724,0.9996205993556644,0.3189785987127832,0.5658065713755337,10774,46623306,6096,46610291,13015,4678
228,m_3807544_ne_18_1_20170611_inference_,0.2598307232078771,0.9966973660951338,0.2989563299172491,0.6650309471555742,81106,46442670,53938,46316187,126483,27168
229,m_3807610_nw_18_1_20170716_inference_,0.0,0.9965411247238841,0.0,,0,47461960,0,47297795,164165,0
230,m_3907640_se_18_1_20170611_inference_,,1.0,,,0,46387492,0,46387492,0,0
231,m_3807731_se_18_1_20170731_inference_,,1.0,,,0,47942368,0,47942368,0,0
232,m_3807620_ne_18_1_20170730_inference_,0.0,0.9999725130278514,0.0,,0,47258752,0,47257453,1299,0
233,m_3907637_nw_18_1_20170611_inference_,0.0,0.9997771311878278,0.0,,0,46762936,0,46752514,10422,0
234,m_3807614_se_18_1_20170730_inference_,,1.0,,,0,47001280,0,47001280,0,0
235,m_3907628_ne_18_1_20170611_inference_,,1.0,,,0,46790380,0,46790380,0,0
236,m_3807610_sw_18_1_20170716_inference_,0.0,0.9973420886343726,0.0,,0,47507980,0,47381708,126272,0
237,m_3807635_nw_18_1_20170716_inference_,0.0,0.9999795415836007,0.0,,0,47608768,0,47607794,974,0
238,m_3907717_ne_18_1_20170628_inference_,0.0,0.9997851680380031,0.0,,0,48009616,0,47999302,10314,0
239,m_3807545_se_18_1_20170611_inference_,0.43706762188619397,0.9995567110548472,0.7869239858211895,0.4957355084824613,32243,46409249,15984,46404921,4328,16259
240,m_3807645_sw_18_1_20170730_inference_,0.0,0.999404833225047,0.0,,0,47405200,0,47376986,28214,0
241,m_3907720_sw_18_1_20170628_inference_,0.0,0.9999454971655176,0.0,,0,47758984,0,47756381,2603,0
242,m_3907660_ne_18_1_20170611_inference_,0.0,0.9999212110078397,0.0,,0,47075104,0,47071395,3709,0
243,m_3807535_sw_18_1_20170611_inference_,0.45212593313859134,0.999421528528616,0.9103831386324647,0.4731858519808076,47102,46641458,22288,46639264,2194,24814
244,m_3907518_ne_18_1_20170609_inference_,,1.0,,,0,45994840,0,45994840,0,0
245,m_3807542_nw_18_1_20170611_inference_,0.33916083916083917,0.999838519229882,0.6288492706645057,0.4240437158469945,9150,46807570,3880,46805280,2290,5270
246,m_3807640_nw_18_1_20170611_inference_,0.6561297578878825,0.9998763338024232,0.8677000156568029,0.7290666315858713,15203,46958021,11084,46956331,1690,4119
247,m_3807544_sw_18_1_20170611_inference_,0.42743431059990417,0.9994105315727511,0.751584655406148,0.4977554536410182,41211,46573669,20513,46566889,6780,20698
248,m_3807540_se_18_1_20170611_inference_,0.0,0.9999514099875012,0.0,,0,46058848,0,46056610,2238,0
249,m_3907626_se_18_1_20170609_inference_,,1.0,,,0,47047780,0,47047780,0,0
250,m_3807615_se_18_1_20170709_inference_,0.0,0.9998987024528639,0.0,,0,46881688,0,46876939,4749,0
251,m_3807613_nw_18_1_20170730_inference_,,1.0,,,0,47166928,0,47166928,0,0
252,m_3807547_nw_18_1_20170611_inference_,0.44841489620948627,0.9994614517278363,0.7678388528508023,0.5187472769676311,39019,46192677,20241,46186557,6120,18778
253,m_3807653_sw_18_1_20170730_inference_,0.0,0.999957260415363,0.0,,0,47496952,0,47494922,2030,0
254,m_3807555_nw_18_1_20170611_inference_,,1.0,,,0,46322584,0,46322584,0,0
255,m_3807546_sw_18_1_20170611_inference_,0.6049994182857713,0.999488259334993,0.8305231695909101,0.6902102808168528,52739,46388753,36401,46381325,7428,16338
256,m_3907632_ne_18_1_20170611_inference_,0.0,0.9997778859128045,0.0,,0,46296028,0,46285745,10283,0
257,m_3907534_sw_18_1_20170609_inference_,0.0,0.9998940176033859,,0.0,4894,46172586,0,46172586,0,4894
258,m_3807542_se_18_1_20170611_inference_,0.13213387502418264,0.9991376157919649,0.3223049496644295,0.18296821050125014,33596,46783124,6147,46770199,12925,27449
259,m_3807561_sw_18_1_20170611_inference_,0.582872418879056,0.9988353526702253,0.8198202091797043,0.668511013215859,113500,46510056,75876,46493380,16676,37624
260,m_3807731_sw_18_1_20170731_inference_,0.0,0.9999481322055319,0.0,,0,48025948,0,48023457,2491,0
261,m_3907617_se_18_1_20170609_inference_,0.0,0.9994575082154278,0.0,,0,47084584,0,47059041,25543,0
262,m_3807638_se_18_1_20170730_inference_,,1.0,,,0,47193388,0,47193388,0,0
263,m_3907541_se_18_1_20170609_inference_,0.0,0.9999071054061809,0.0,0.0,3149,46393523,0,46392362,1161,3149
264,m_3907633_nw_18_1_20170609_inference_,0.0,0.9999772966317249,0.0,,0,47305756,0,47304682,1074,0
265,m_3807607_nw_18_1_20170611_inference_,0.0,0.9999346316681358,0.0,,0,46826956,0,46823895,3061,0
266,m_3807550_nw_18_1_20170611_inference_,0.0,0.9994586062423633,0.0,0.0,5153,46857227,0,46837009,20218,5153
267,m_3907650_ne_18_1_20170716_inference_,0.0,0.9980153227080195,0.0,,0,47231860,0,47138120,93740,0
268,m_3807653_ne_18_1_20170730_inference_,,1.0,,,0,47451076,0,47451076,0,0
269,m_3907525_sw_18_1_20170709_inference_,,1.0,,,0,46296028,0,46296028,0,0
270,m_3807540_nw_18_1_20170611_inference_,0.0,0.9999594110094204,0.0,0.0,38,46022294,0,46020464,1830,38
271,m_3907718_ne_18_1_20170630_inference_,0.0,0.9999592288110838,0.0,,0,47926000,0,47924046,1954,0
272,m_3907656_sw_18_1_20170611_inference_,,1.0,,,0,46607080,0,46607080,0,0
273,m_3807655_ne_18_1_20170709_inference_,,1.0,,,0,47202064,0,47202064,0,0
274,m_3907663_sw_18_1_20170611_inference_,,1.0,,,0,46781152,0,46781152,0,0
275,m_3807619_se_18_1_20170626_inference_,0.0,0.9999691270123575,0.0,,0,47387704,0,47386241,1463,0
276,m_3807739_sw_18_1_20170731_inference_,,1.0,,,0,48118276,0,48118276,0,0
277,m_3807740_ne_18_1_20170716_inference_,,1.0,,,0,47904952,0,47904952,0,0
278,m_3807603_se_18_1_20170626_inference_,0.0,0.999943779372582,0.0,,0,47295808,0,47293149,2659,0
279,m_3907642_se_18_1_20170609_inference_,0.0,0.9995164492780932,0.0,,0,47231860,0,47209021,22839,0
280,m_3907658_nw_18_1_20170716_inference_,0.0,0.9980194151369604,0.0,,0,47323900,0,47230171,93729,0
281,m_3807615_nw_18_1_20170730_inference_,,1.0,,,0,46918564,0,46918564,0,0
282,m_3907518_nw_18_1_20170709_inference_,,1.0,,,0,46076800,0,46076800,0,0
283,m_3907651_nw_18_1_20170716_inference_,0.0,0.9986174659156619,0.0,,0,47148928,0,47083743,65185,0
284,m_3807538_se_18_1_20170611_inference_,0.44602919762535936,0.999037981063501,0.9339622641509434,0.46055387778705903,77815,46190505,35838,46187971,2534,41977
285,m_3907634_ne_18_1_20170609_inference_,0.0,0.9992390293414419,0.0,,0,47093800,0,47057963,35837,0
286,m_3907558_sw_18_1_20170609_inference_,0.11559107953424116,0.9990343228796068,0.7787528254221513,0.11951597763539158,49006,46356774,5857,46355110,1664,43149
287,m_3807643_nw_18_1_20170626_inference_,,1.0,,,0,47654752,0,47654752,0,0
288,m_3807646_ne_18_1_20170730_inference_,,1.0,,,0,47193388,0,47193388,0,0
289,m_3907656_se_18_1_20170611_inference_,0.0,0.9999765715785133,0.0,,0,46524688,0,46523598,1090,0
290,m_3907637_sw_18_1_20170611_inference_,0.0,0.9995644836571863,0.0,,0,46845544,0,46825142,20402,0
291,m_3907541_sw_18_1_20170709_inference_,0.0,0.9995928212717342,0.0,0.0,16307,46371185,0,46368604,2581,16307
292,m_3807633_sw_18_1_20170716_inference_,,1.0,,,0,47867536,0,47867536,0,0
293,m_3807511_nw_18_1_20170611_inference_,0.24217952829363576,0.9994399633082678,0.2986518065791839,0.5615493814642061,14793,46400023,8307,46380515,19508,6486
294,m_3807625_ne_18_1_20170626_inference_,0.0,0.9996312123806039,0.0,,0,47729368,0,47711766,17602,0
295,m_3907542_se_18_1_20170609_inference_,0.20955414012738854,0.9992221756345528,0.94746772591857,0.21201751072198396,45001,46223799,9541,46223270,529,35460
296,m_3907625_nw_18_1_20170628_inference_,0.0,0.9996436617843699,0.0,,0,47213572,0,47196748,16824,0
297,m_3907635_sw_18_1_20170609_inference_,0.0,0.9987790541505444,0.0,,0,47056960,0,46999506,57454,0
298,m_3807605_sw_18_1_20170611_inference_,0.0,0.9999505104049539,0.0,,0,47121016,0,47118684,2332,0
299,m_3907641_se_18_1_20170609_inference_,0.0,0.9998667831860706,0.0,,0,47268808,0,47262511,6297,0
300,m_3807543_ne_18_1_20170611_inference_,0.3158254640182351,0.9990990704358748,0.8280189524907159,0.3379972469550975,57391,46585545,19398,46581516,4029,37993
301,m_3807533_ne_18_1_20170611_inference_,0.2519806763285024,0.9999172351449807,0.3642458100558659,0.44981027940669194,2899,46768161,1304,46765885,2276,1595
302,m_3807611_nw_18_1_20170716_inference_,0.0,0.9997327438288965,0.0,,0,47332864,0,47320214,12650,0
303,m_3807509_se_18_1_20170611_inference_,0.6576821308872817,0.9993762915985585,0.908007533445902,0.7046327911401177,79369,46591479,55926,46585813,5666,23443
304,m_3907638_sw_18_1_20170611_inference_,0.0,0.999591926375504,0.0,,0,46717060,0,46697996,19064,0
305,m_3907551_sw_18_1_20170609_inference_,0.2750877832083624,0.9984504779340513,0.9091365126078523,0.28286475350134227,96106,46136214,27185,46133497,2717,68921
306,m_3907649_se_18_1_20170716_inference_,0.0,0.9998220051468595,0.0,,0,47360920,0,47352490,8430,0
307,m_3907718_nw_18_1_20170710_inference_,0.0,0.9997849804408286,0.0,,0,47972380,0,47962065,10315,0
308,m_3907663_nw_18_1_20170611_inference_,,1.0,,,0,46781152,0,46781152,0,0
309,m_3807509_sw_18_1_20170611_inference_,0.5873851087373817,0.9996088218246891,0.7438867438867439,0.7362848893166506,35326,46672290,26010,46663335,8955,9316
310,m_3807607_ne_18_1_20170611_inference_,0.7464184777312153,0.9999443355591123,0.773480105029287,0.9552257420803193,8018,46736366,7659,46734123,2243,359
311,m_3807636_nw_18_1_20170626_inference_,0.0,0.9999872664242677,0.0,,0,47433652,0,47433048,604,0
312,m_3807554_se_18_1_20170611_inference_,0.5959183673469388,0.9999381313468705,0.6543038170298254,0.8697617091207889,4868,46399892,4234,46397655,2237,634
313,m_3807638_nw_18_1_20170730_inference_,0.0,0.9999715226269138,0.0,,0,47230480,0,47229135,1345,0
314,m_3807534_se_18_1_20170611_inference_,0.6435348224707443,0.9992354418769781,0.9458219087696661,0.6681651509187712,96542,46637642,64506,46633947,3695,32036
315,m_3807602_sw_18_1_20170716_inference_,0.0,0.9978427565991796,0.0,,0,47461960,0,47359573,102387,0
316,m_3807634_ne_18_1_20170626_inference_,0.0,0.9987185973810538,0.0,,0,47608768,0,47547762,61006,0
317,m_3807558_sw_18_1_20170611_inference_,0.34983359901557737,0.9995053549665357,0.3883455962248921,0.7791342260977888,16055,46983305,12509,46963603,19702,3546
318,m_3907625_ne_18_1_20170609_inference_,0.0,0.9995830525534981,0.0,,0,47130640,0,47110989,19651,0
319,m_3807617_ne_18_1_20170716_inference_,0.0,0.9999858724020544,0.0,,0,47637256,0,47636583,673,0
320,m_3807545_nw_18_1_20170611_inference_,0.32011177520763795,0.998679779710781,0.7193620732618988,0.36579277487043677,78919,46362573,28868,46351311,11262,50051
321,m_3807607_se_18_1_20170611_inference_,0.0,0.9999887259183905,0.0,,0,46744384,0,46743857,527,0
322,m_3807539_sw_18_1_20170611_inference_,0.19707360485813005,0.9993364941662534,0.8227516118456999,0.2058116013339894,36582,46195114,7529,46193492,1622,29053
323,m_3907640_sw_18_1_20170611_inference_,,1.0,,,0,46469776,0,46469776,0,0
324,m_3907549_nw_18_1_20170709_inference_,0.5698696574719612,0.9998166399128349,0.8822149225715626,0.6167979002624672,18288,46414936,11280,46413430,1506,7008
325,m_3907647_se_18_1_20170611_inference_,0.0,0.99996054664439,0.0,,0,46561312,0,46559475,1837,0
326,m_3807539_se_18_1_20170611_inference_,0.4013817978612614,0.998978670787289,0.7687106268090385,0.4565138886882665,69229,46080435,31604,46070926,9509,37625
327,m_3907658_sw_18_1_20170716_inference_,0.0,0.9996009281839615,0.0,,0,47369920,0,47351016,18904,0
328,m_3907640_ne_18_1_20170611_inference_,,1.0,,,0,46341760,0,46341760,0,0
329,m_3807644_ne_18_1_20170730_inference_,0.0,0.9996552029408293,0.0,,0,47442400,0,47426042,16358,0
330,m_3907653_se_18_1_20170611_inference_,0.0,0.8300624913593789,0.0,,0,46900564,0,38930399,7970165,0
331,m_3807664_ne_18_1_20170611_inference_,0.0,0.9987714602220599,0.0,,0,47164936,0,47106992,57944,0
332,m_3907663_se_18_1_20170611_inference_,0.5922599392418438,0.9998677905143912,0.7994294883223391,0.6956251939187093,12892,46685724,8968,46683474,2250,3924
333,m_3807631_nw_18_1_20170730_inference_,,1.0,,,0,47055976,0,47055976,0,0
334,m_3807644_sw_18_1_20170626_inference_,0.0,0.9999848438653264,0.0,,0,47571496,0,47570775,721,0
335,m_3807534_ne_18_1_20170611_inference_,0.3142265814811482,0.9993464390835088,0.7333823374986874,0.35475186671407527,39374,46603562,13968,46598484,5078,25406
336,m_3807551_nw_18_1_20170611_inference_,0.23620386643233743,0.9993032250153742,0.5367126351099516,0.29669747453935363,33974,46745834,10080,46737133,8701,23894
337,m_3807547_ne_18_1_20170611_inference_,0.5598570301257949,0.9997945380490744,0.666132773666188,0.7782294489611563,15498,46134166,12061,46128121,6045,3437
338,m_3807518_se_18_1_20170611_inference_,0.4880190168826887,0.9987332903755912,0.9300618365794782,0.5066104686768256,111036,46477384,56252,46473154,4230,54784
339,m_3807632_ne_18_1_20170611_inference_,0.0,0.9992594057160481,0.0,,0,46844812,0,46810119,34693,0
340,m_3807642_nw_18_1_20170626_inference_,,1.0,,,0,47738080,0,47738080,0,0
341,m_3807518_nw_18_1_20170611_inference_,0.6433882415176406,0.9989591946490635,0.9059018258935498,0.6894653964254783,127010,46507070,87569,46497974,9096,39441
342,m_3807501_nw_18_1_20170609_inference_,0.07015520134228188,0.9996195739193574,0.9612068965517241,0.07035440109370071,19018,46597134,1338,46597080,54,17680
343,m_3807563_nw_18_1_20170611_inference_,,1.0,,,0,46368028,0,46368028,0,0
344,m_3907658_ne_18_1_20170716_inference_,0.0,0.9983913413729638,0.0,,0,47323900,0,47247772,76128,0
345,m_3907643_sw_18_1_20170609_inference_,0.0,0.998723152305817,0.0,,0,47148928,0,47088726,60202,0
346,m_3807549_nw_18_1_20170611_inference_,,1.0,,,0,47027740,0,47027740,0,0
347,m_3907617_sw_18_1_20170628_inference_,0.0,0.9999700933451932,0.0,,0,47213572,0,47212160,1412,0
348,m_3907550_sw_18_1_20170609_inference_,0.4882433054938012,0.9988976948290902,0.8718705293276109,0.5259836233588296,92693,46267427,48755,46260262,7165,43938
349,m_3807616_ne_18_1_20170611_inference_,0.2938117757805321,0.9993254205052983,0.8264926549397894,0.31312552251283887,41865,46665751,13109,46662999,2752,28756
350,m_3907628_se_18_1_20170611_inference_,,1.0,,,0,46836328,0,46836328,0,0
351,m_3807550_se_18_1_20170611_inference_,0.6514304505097007,0.9996380892306366,0.7730166085408384,0.8055096698772523,39349,46823031,31696,46813724,9307,7653
352,m_3807601_se_18_1_20170716_inference_,0.0,0.9986405844255367,0.0,,0,47499088,0,47434517,64571,0
353,m_3807724_sw_18_1_20170716_inference_,,1.0,,,0,47850112,0,47850112,0,0
354,m_3807613_se_18_1_20170730_inference_,,1.0,,,0,47084068,0,47084068,0,0
355,m_3907664_nw_18_1_20170611_inference_,0.7267895510573334,0.9999482132366281,0.9663208540069163,0.7456781529179719,8619,46644229,6427,46644005,224,2192
356,m_3807632_sw_18_1_20170611_inference_,0.47011554075153533,0.9994581381086383,0.49928143447787926,0.8894753426815819,25388,46947836,22582,46925189,22647,2806
357,m_3907643_nw_18_1_20170609_inference_,0.0,0.9981071181344465,0.0,,0,47093800,0,47004657,89143,0
358,m_3907721_sw_18_1_20170628_inference_,0.0,0.9999509220401015,0.0,,0,47638492,0,47636154,2338,0
359,m_3807732_sw_18_1_20170716_inference_,,1.0,,,0,47896240,0,47896240,0,0
360,m_3907647_ne_18_1_20170611_inference_,0.0,0.9999878225080943,0.0,,0,46561312,0,46560745,567,0
361,m_3907622_se_18_1_20170611_inference_,0.0,0.9999617825134676,0.0,,0,46497040,0,46495263,1777,0
362,m_3907621_nw_18_1_20170611_inference_,0.0,0.9999790192837428,0.0,,0,46661896,0,46660917,979,0
363,m_3907517_nw_18_1_20170709_inference_,0.0,0.9999861701973857,0.0,,0,46204564,0,46203925,639,0
364,m_3907653_nw_18_1_20170611_inference_,0.0,0.9990917684178627,0.0,,0,46937368,0,46894738,42630,0
365,m_3807540_sw_18_1_20170611_inference_,0.0,0.9993422941156347,0.0,0.0,5498,46062206,0,46037405,24801,5498
366,m_3807612_nw_18_1_20170626_inference_,0.0,0.9999532728143686,0.0,,0,47295808,0,47293598,2210,0
367,m_3907631_ne_18_1_20170611_inference_,,1.0,,,0,46414720,0,46414720,0,0
368,m_3907549_ne_18_1_20170709_inference_,0.7247042341220423,0.9999236909272418,0.8436169248890097,0.8371695738176587,11122,46339854,9311,46338128,1726,1811
369,m_3807642_ne_18_1_20170626_inference_,0.0,0.9999582110732897,0.0,,0,47692060,0,47690067,1993,0
370,m_3907636_ne_18_1_20170611_inference_,0.0,0.999935874370463,0.0,,0,46845544,0,46842540,3004,0
371,m_3807610_se_18_1_20170716_inference_,,1.0,,,0,47507980,0,47507980,0,0
372,m_3907662_se_18_1_20170611_inference_,,1.0,,,0,46817920,0,46817920,0,0
373,m_3907639_sw_18_1_20170611_inference_,,1.0,,,0,46597936,0,46597936,0,0
374,m_3907645_ne_18_1_20170611_inference_,0.0,0.9968487343793301,0.0,,0,46808812,0,46661305,147507,0
375,m_3907657_nw_18_1_20170716_inference_,0.0,0.9996052863538533,0.0,,0,47490124,0,47471379,18745,0
376,m_3807525_nw_18_1_20170611_inference_,0.4866424648608396,0.9997645416956737,0.7111473848874379,0.6065317013747897,17239,46827573,10456,46823326,4247,6783
377,m_3807603_sw_18_1_20170716_inference_,0.0,0.9994979175568164,0.0,,0,47332864,0,47309099,23765,0
378,m_3907652_nw_18_1_20170626_inference_,0.0,0.9983928761586798,0.0,,0,47066068,0,46990427,75641,0
379,m_3907635_ne_18_1_20170611_inference_,0.0,0.9995416586039235,0.0,,0,46964992,0,46943466,21526,0
380,m_3807623_nw_18_1_20170730_inference_,,1.0,,,0,46964368,0,46964368,0,0
381,m_3907517_sw_18_1_20170709_inference_,0.0,0.9997674905015876,0.0,,0,46204564,0,46193821,10743,0
382,m_3807645_nw_18_1_20170730_inference_,0.0,0.9991089405257744,0.0,,0,47442400,0,47400126,42274,0
383,m_3807560_sw_18_1_20170611_inference_,0.6687515919961509,0.9989986211362125,0.9513628860168297,0.6924249084249084,136500,46615036,94516,46610204,4832,41984
384,m_3807615_sw_18_1_20170730_inference_,0.0,0.9999533660066834,0.0,,0,46918564,0,46916376,2188,0
385,m_3907629_sw_18_1_20170611_inference_,0.0,0.9999885052698093,0.0,,0,46717060,0,46716523,537,0
386,m_3807609_ne_18_1_20170716_inference_,0.0,0.996785770593102,0.0,,0,47545144,0,47392323,152821,0
387,m_3807656_ne_18_1_20170611_inference_,,1.0,,,0,47073472,0,47073472,0,0
388,m_3807640_ne_18_1_20170611_inference_,0.3707873546078139,0.9994606091032872,0.8499401811656128,0.3967608105951811,37602,46898674,14919,46896040,2634,22683
389,m_3807653_se_18_1_20170730_inference_,0.0,0.9999703905555272,0.0,,0,47451076,0,47449671,1405,0
390,m_3907629_se_18_1_20170611_inference_,0.0,0.9999625618564182,0.0,,0,46717060,0,46715311,1749,0
391,m_3907638_ne_18_1_20170611_inference_,0.0,0.9995742102380147,0.0,,0,46588720,0,46568883,19837,0
392,m_3807533_nw_18_1_20170611_inference_,0.39923522734062256,0.9993561865171946,0.44288807388095974,0.802000400080016,24995,46828637,20046,46803421,25216,4949
393,m_3907645_nw_18_1_20170611_inference_,0.0,0.999168608224509,0.0,,0,46845544,0,46806597,38947,0
394,m_3807552_sw_18_1_20170611_inference_,0.6499299600812949,0.9990741650460879,0.9026573552399266,0.6989159301667465,114845,46582463,80267,46573807,8656,34578
395,m_3807542_ne_18_1_20170611_inference_,0.720494417862839,0.9999550008191006,0.9895947426067908,0.7259943752511049,7467,46726717,5421,46726660,57,2046
396,m_3807620_nw_18_1_20170626_inference_,0.0,0.9998068900774774,0.0,,0,47304664,0,47295529,9135,0
397,m_3907652_sw_18_1_20170611_inference_,0.0,0.998444335736735,0.0,,0,47066068,0,46992849,73219,0
398,m_3807511_sw_18_1_20170611_inference_,0.4309279730711854,0.9987191468698962,0.8880633781999487,0.4556789224608664,98892,46361548,45063,46355868,5680,53829
399,m_3807510_se_18_1_20170611_inference_,0.5500255380775969,0.9985031754668571,0.9225405569532402,0.5766566346727401,147528,46349572,85073,46342429,7143,62455
400,m_3907627_sw_18_1_20170609_inference_,0.0,0.9999483870879825,0.0,,0,46964992,0,46962568,2424,0
401,m_3907550_se_18_1_20170609_inference_,0.08088362192947132,0.9982751607165451,0.7051153460381143,0.08371539148556117,83975,46230485,7030,46227545,2940,76945
402,m_3807624_ne_18_1_20170611_inference_,0.3496602491506229,0.9998527535156674,0.5009464575446188,0.5365677045619116,6905,46792175,3705,46788484,3691,3200
403,m_3807625_sw_18_1_20170716_inference_,0.0,0.9998834679730099,0.0,,0,47729368,0,47723806,5562,0
404,m_3807611_se_18_1_20170626_inference_,0.0,0.9999311472046145,0.0,,0,47332864,0,47329605,3259,0
405,m_3807646_sw_18_1_20170730_inference_,0.0,0.9999844681645977,0.0,,0,47322160,0,47321425,735,0
406,m_3807517_se_18_1_20170611_inference_,0.5408683777161907,0.9997550719455537,0.8280145114677488,0.6093212669683258,22100,46648748,13466,46645951,2797,8634
407,m_3807549_ne_18_1_20170611_inference_,0.0,0.9999806131934135,0.0,,0,46990720,0,46989809,911,0
408,m_3907624_ne_18_1_20170709_inference_,0.0,0.9998718957720281,0.0,,0,46204564,0,46198645,5919,0
409,m_3907721_se_18_1_20170628_inference_,0.0,0.9994386491235229,0.0,,0,47546020,0,47519330,26690,0
410,m_3907719_nw_18_1_20170628_inference_,0.0,0.998891110439648,0.0,,0,47842456,0,47789404,53052,0
411,m_3907625_sw_18_1_20170628_inference_,0.0,0.9998699102050324,0.0,,0,47259664,0,47253516,6148,0
412,m_3807603_ne_18_1_20170626_inference_,0.0,0.9999270611300182,0.0,,0,47203912,0,47200469,3443,0
413,m_3807648_sw_18_1_20170611_inference_,,1.0,,,0,47027740,0,47027740,0,0
414,m_3907644_ne_18_1_20170611_inference_,0.0,0.9991458785156938,0.0,,0,46891456,0,46851405,40051,0
415,m_3907525_ne_18_1_20170609_inference_,0.0,0.9999551639362443,0.0,,0,46168192,0,46166122,2070,0
416,m_3807645_se_18_1_20170730_inference_,0.0,0.9995459170748184,0.0,,0,47368000,0,47346491,21509,0
417,m_3807561_ne_18_1_20170611_inference_,0.5454341652966672,0.9993470098784749,0.9600915500368304,0.5580872570458612,65393,46512647,36495,46511130,1517,28898
418,m_3907652_se_18_1_20170611_inference_,0.0,0.9997281900994599,0.0,,0,47029192,0,47016409,12783,0
419,m_3907664_ne_18_1_20170611_inference_,0.4501363146922037,0.9994846299432129,0.6988688909440136,0.558451524884177,35183,46535237,19648,46526771,8466,15535
420,m_3907559_nw_18_1_20170609_inference_,0.12155729996353377,0.998021973491303,0.7463029517468921,0.12679679679679678,99900,46178044,12667,46173738,4306,87233
421,m_3807647_se_18_1_20170709_inference_,,1.0,,,0,47193388,0,47193388,0,0
422,m_3807647_nw_18_1_20170730_inference_,,1.0,,,0,47193388,0,47193388,0,0
423,m_3907656_nw_18_1_20170611_inference_,0.0,0.999865381800238,0.0,,0,46561312,0,46555044,6268,0
424,m_3907649_nw_18_1_20170716_inference_,,1.0,,,0,47444032,0,47444032,0,0
425,m_3807707_nw_18_1_20170730_inference_,0.0,0.9995685141985489,0.0,,0,47748964,0,47728361,20603,0
426,m_3807622_ne_18_1_20170730_inference_,,1.0,,,0,47047120,0,47047120,0,0
427,m_3807731_nw_18_1_20170731_inference_,0.0,0.9999687368329961,0.0,,0,47979784,0,47978284,1500,0
428,m_3807526_nw_18_1_20170611_inference_,,1.0,,,0,46679740,0,46679740,0,0
429,m_3807552_se_18_1_20170611_inference_,0.6373354389055074,0.9994876314172642,0.946553007239023,0.6611274749161246,63487,46551393,41973,46549023,2370,21514
430,m_3807656_sw_18_1_20170611_inference_,0.0,0.9997120638991663,0.0,,0,47156296,0,47142718,13578,0
431,m_3907646_sw_18_1_20170611_inference_,,1.0,,,0,46726240,0,46726240,0,0
432,m_3907648_sw_18_1_20170611_inference_,0.0,0.9999234879420092,0.0,,0,46515544,0,46511985,3559,0
433,m_3807517_sw_18_1_20170611_inference_,0.6143770941212305,0.9999729217253062,0.9887254901960785,0.6187116564417178,3260,46750088,2017,46750065,23,1243
434,m_3807606_nw_18_1_20170611_inference_,0.0,0.9990821510777026,0.0,,0,46955440,0,46912342,43098,0
435,m_3907617_nw_18_1_20170628_inference_,0.0,0.9999353792061819,0.0,,0,47167480,0,47164432,3048,0
436,m_3807622_nw_18_1_20170730_inference_,,1.0,,,0,47092960,0,47092960,0,0
437,m_3807547_sw_18_1_20170611_inference_,0.06999089713765551,0.999602611570205,0.656235182550972,0.07265473253189143,19049,46258091,1384,46257366,725,17665
438,m_3807634_se_18_1_20170626_inference_,,1.0,,,0,47692060,0,47692060,0,0
439,m_3807617_nw_18_1_20170716_inference_,0.0,0.9999490597465209,0.0,,0,47683312,0,47680883,2429,0
440,m_3907640_nw_18_1_20170611_inference_,,1.0,,,0,46424008,0,46424008,0,0
441,m_3807716_ne_18_1_20170716_inference_,0.0,0.9973224885123055,0.0,,0,47674492,0,47546843,127649,0
442,m_3807639_sw_18_1_20170730_inference_,0.0,0.9999867649633967,0.0,,0,47147584,0,47146960,624,0
443,m_3807631_se_18_1_20170709_inference_,0.2018582243633861,0.9997531146680501,0.20423368846180628,0.9455190199871051,3102,46970122,2933,46958694,11428,169
444,m_3807608_sw_18_1_20170611_inference_,0.0,0.9999886831325021,0.0,,0,46744384,0,46743855,529,0
445,m_3807536_nw_18_1_20170611_inference_,0.38159150329332725,0.9982863361195053,0.8821176850373931,0.40209607272489456,122324,46392632,49186,46386059,6573,73138
446,m_3807535_se_18_1_20170611_inference_,0.416437973046199,0.9992842431702841,0.6434397450440231,0.5413684186606676,44007,46598929,23824,46585727,13202,20183
447,m_3907641_nw_18_1_20170609_inference_,0.0,0.9998334383908312,0.0,,0,47351848,0,47343961,7887,0
448,m_3807614_nw_18_1_20170730_inference_,,1.0,,,0,47001280,0,47001280,0,0
449,m_3907623_nw_18_1_20170611_inference_,0.0,0.9999733489720503,0.0,,0,46414720,0,46413483,1237,0
450,m_3907649_ne_18_1_20170716_inference_,0.0,0.9999179961713511,0.0,,0,47314864,0,47310984,3880,0
451,m_3907659_nw_18_1_20170716_inference_,0.0,0.9991588855554306,0.0,,0,47240896,0,47201161,39735,0
452,m_3807639_se_18_1_20170709_inference_,0.0,0.9999856481007724,0.0,,0,47101780,0,47101104,676,0
453,m_3807541_nw_18_1_20170611_inference_,0.0,0.9998888061064789,0.0,,0,46945024,0,46939804,5220,0
454,m_3807560_se_18_1_20170611_inference_,0.6137625111541348,0.9974329413550093,0.9496433715963295,0.6344099627064465,300320,46405664,190526,46395561,10103,109794
455,m_3807632_se_18_1_20170611_inference_,0.3857948651452282,0.9995959313246611,0.627425137072965,0.5004415289516841,23781,46866763,11901,46859696,7067,11880
456,m_3807627_ne_18_1_20170626_inference_,,1.0,,,0,47433652,0,47433652,0,0
457,m_3807630_se_18_1_20170730_inference_,,1.0,,,0,47138800,0,47138800,0,0
458,m_3807633_ne_18_1_20170626_inference_,,1.0,,,0,47729368,0,47729368,0,0
459,m_3807537_se_18_1_20170611_inference_,0.6520536330190848,0.9989552854491628,0.9191042417858445,0.69175414122472,131181,46219279,90745,46211292,7987,40436
460,m_3807604_se_18_1_20170611_inference_,0.0,0.999595297350974,0.0,,0,47121016,0,47101946,19070,0
461,m_3907642_ne_18_1_20170609_inference_,0.0,0.9982666198164534,0.0,,0,47185840,0,47104049,81791,0
462,m_3807501_se_18_1_20170709_inference_,0.06410446653806202,0.9995937908763898,0.6952789699570815,0.06595755509186219,19649,46559807,1296,46559239,568,18353
463,m_3907559_sw_18_1_20170609_inference_,0.2581565499663974,0.9987370575599877,0.8045445564117764,0.2754305504822977,73917,46249651,20359,46244705,4946,53558
464,m_3907647_sw_18_1_20170611_inference_,,1.0,,,0,46643740,0,46643740,0,0
465,m_3907620_nw_18_1_20170611_inference_,0.0,0.9999260446677372,0.0,,0,46744432,0,46740975,3457,0
466,m_3807546_ne_18_1_20170611_inference_,0.4657080692460505,0.9986561600508881,0.9200149504765465,0.48535936113575867,111573,46120123,54153,46115415,4708,57420
467,m_3807562_se_18_1_20170611_inference_,,1.0,,,0,46458916,0,46458916,0,0
468,m_3807642_sw_18_1_20170626_inference_,,1.0,,,0,47830120,0,47830120,0,0
469,m_3807554_nw_18_1_20170611_inference_,0.33330983433204087,0.9993892173646466,0.8521477921297687,0.35376864368733474,40094,46410146,14184,46407685,2461,25910
470,m_3907658_se_18_1_20170716_inference_,0.0,0.9998729605970768,0.0,,0,47323900,0,47317888,6012,0
471,m_3807620_se_18_1_20170730_inference_,,1.0,,,0,47258752,0,47258752,0,0
472,m_3907633_se_18_1_20170609_inference_,0.0,0.998976891478074,0.0,,0,47222752,0,47174438,48314,0
473,m_3907651_ne_18_1_20170716_inference_,0.0,0.9966933077987309,0.0,,0,47066068,0,46910435,155633,0
474,m_3907659_ne_18_1_20170716_inference_,0.0,0.9997058821284142,0.0,,0,47157964,0,47144094,13870,0
475,m_3807708_sw_18_1_20170716_inference_,0.0,0.9994826877244806,0.0,,0,47665600,0,47640942,24658,0
476,m_3807639_nw_18_1_20170730_inference_,,1.0,,,0,47064760,0,47064760,0,0
477,m_3807609_nw_18_1_20170716_inference_,0.0,0.999058061154163,0.0,,0,47591200,0,47546372,44828,0
478,m_3807634_nw_18_1_20170626_inference_,0.0,0.9999863918648093,0.0,,0,47692060,0,47691411,649,0
479,m_3907662_sw_18_1_20170611_inference_,0.0,0.9999817095008271,0.0,,0,46909600,0,46908742,858,0
480,m_3907653_sw_18_1_20170611_inference_,0.0,0.9999140556837358,0.0,,0,46937368,0,46933334,4034,0
481,m_3807625_nw_18_1_20170716_inference_,0.0,0.9997473672812931,0.0,,0,47729368,0,47717310,12058,0
482,m_3907650_sw_18_1_20170716_inference_,0.0,0.9990498727946346,0.0,,0,47277880,0,47232960,44920,0
483,m_3807609_sw_18_1_20170716_inference_,0.0,0.999770158885726,0.0,,0,47637256,0,47626307,10949,0
484,m_3907542_sw_18_1_20170609_inference_,0.07485109450282636,0.9994734689770755,0.6681341009143245,0.0777414397730407,25379,46289081,1973,46288101,980,23406
485,m_3807708_ne_18_1_20170725_inference_,0.0,0.9986716206236783,0.0,,0,47665600,0,47602282,63318,0
486,m_3907648_se_18_1_20170611_inference_,0.7392084570459069,0.9998278603269073,0.8767462559498471,0.8249344596562773,27464,46405760,22656,46402575,3185,4808
487,m_3907627_nw_18_1_20170609_inference_,0.0,0.9999839241961331,0.0,,0,46964992,0,46964237,755,0
488,m_3807738_ne_18_1_20170731_inference_,0.0,0.9993210064300724,0.0,,0,48118276,0,48085604,32672,0
489,m_3807707_ne_18_1_20170730_inference_,0.0,0.9996259548705736,0.0,,0,47702800,0,47684957,17843,0
490,m_3907648_ne_18_1_20170611_inference_,0.0,0.9999879612063982,0.0,,0,46433224,0,46432665,559,0
491,m_3807624_se_18_1_20170611_inference_,0.37156411329705596,0.9999037587918395,0.8226753166512203,0.4039132413165479,6593,46792487,2663,46791913,574,3930
492,m_3907628_nw_18_1_20170611_inference_,,1.0,,,0,46836328,0,46836328,0,0
493,m_3807539_ne_18_1_20170611_inference_,0.2514213930116782,0.9982547919569525,0.8439481493050133,0.2636797470454479,102469,45992895,27019,45987899,4996,75450
494,m_3807626_se_18_1_20170626_inference_,0.0,0.9996217630994855,0.0,,0,47562784,0,47544794,17990,0
495,m_3807510_ne_18_1_20170611_inference_,0.47967278135845315,0.9989165775930112,0.7495521087205642,0.5712247383116643,81299,46415801,46440,46400284,15517,34859
496,m_3907661_sw_18_1_20170611_inference_,0.0,0.9998891770902938,0.0,,0,47075104,0,47069887,5217,0
497,m_3807642_se_18_1_20170626_inference_,,1.0,,,0,47738080,0,47738080,0,0
498,m_3807553_sw_18_1_20170611_inference_,0.5159972018703288,0.9997177111939429,0.9577012436791035,0.5280310451360108,26542,46542786,14015,46542167,619,12527
499,m_3807731_ne_18_1_20170731_inference_,0.0,0.9999372184538912,0.0,,0,47896240,0,47893233,3007,0
500,m_3807626_ne_18_1_20170626_inference_,0.0,0.999981648595865,0.0,,0,47516800,0,47515928,872,0
501,m_3907636_nw_18_1_20170611_inference_,0.0,0.9999299994817618,0.0,,0,46928224,0,46924939,3285,0
502,m_3807732_se_18_1_20170716_inference_,,1.0,,,0,47858860,0,47858860,0,0
503,m_3907646_nw_18_1_20170611_inference_,0.0,0.9993661591431281,0.0,,0,46726240,0,46696623,29617,0
504,m_3807618_nw_18_1_20170626_inference_,0.0,0.9997989754408378,0.0,,0,47591200,0,47581633,9567,0
505,m_3907627_se_18_1_20170611_inference_,0.0,0.9999145761990534,0.0,,0,46919008,0,46915000,4008,0
506,m_3907638_se_18_1_20170611_inference_,0.0,0.9999674061468576,0.0,,0,46634560,0,46633040,1520,0
507,m_3907655_ne_18_1_20170611_inference_,0.4599031062980906,0.9995933665013985,0.7443726937269373,0.5461621767970759,29548,46577532,16138,46571990,5542,13410
508,m_3807621_ne_18_1_20170730_inference_,,1.0,,,0,47175820,0,47175820,0,0
509,m_3807627_sw_18_1_20170716_inference_,,1.0,,,0,47562784,0,47562784,0,0
510,m_3907648_nw_18_1_20170611_inference_,0.0,0.9999655598997187,0.0,,0,46515544,0,46513942,1602,0
511,m_3807740_nw_18_1_20170716_inference_,0.0,0.9999679406741027,0.0,,0,47942368,0,47940831,1537,0
512,m_3807747_ne_18_1_20170731_inference_,,1.0,,,0,48034624,0,48034624,0,0
513,m_3907550_ne_18_1_20170609_inference_,0.0,0.9998590194688429,0.0,0.0,5022,46263778,0,46262277,1501,5022
514,m_3807662_nw_18_1_20170730_inference_,0.0,0.9999767156593939,0.0,,0,47413840,0,47412736,1104,0
515,m_3807518_sw_18_1_20170611_inference_,0.7195389626659985,0.9993999452760728,0.9025898918783002,0.780118878155324,92027,46542053,71792,46534305,7748,20235
516,m_3807645_ne_18_1_20170730_inference_,0.0,0.9999867081299755,0.0,,0,47322160,0,47321531,629,0
517,m_3807611_sw_18_1_20170716_inference_,,1.0,,,0,47424832,0,47424832,0,0
518,m_3907651_se_18_1_20170716_inference_,0.0,0.9946889345597097,0.0,,0,47112016,0,46861801,250215,0
519,m_3807538_ne_18_1_20170611_inference_,0.2612808216591776,0.9991543457813035,0.9064055541000786,0.2685255253507189,51537,46216783,13839,46215354,1429,37698
520,m_3807619_nw_18_1_20170716_inference_,,1.0,,,0,47470816,0,47470816,0,0
521,m_3907624_nw_18_1_20170611_inference_,0.0,0.9999872749634539,0.0,,0,46286704,0,46286115,589,0
522,m_3907636_sw_18_1_20170611_inference_,0.0,0.9996745029174767,0.0,,0,46928224,0,46912949,15275,0
523,m_3807547_se_18_1_20170611_inference_,0.0,0.9999555796774167,0.0,,0,46195072,0,46193020,2052,0
524,m_3907654_nw_18_1_20170611_inference_,0.0,0.9843095710090293,0.0,,0,46772080,0,46038206,733874,0
525,m_3807563_ne_18_1_20170611_inference_,,1.0,,,0,46331296,0,46331296,0,0
526,m_3907661_nw_18_1_20170611_inference_,0.0,0.9999886666137067,0.0,,0,47029192,0,47028659,533,0
527,m_3807636_se_18_1_20170730_inference_,0.0,0.9999586445879635,0.0,,0,47442400,0,47440438,1962,0
528,m_3807620_sw_18_1_20170626_inference_,0.0,0.9999726668355944,0.0,,0,47341756,0,47340462,1294,0
529,m_3807740_sw_18_1_20170731_inference_,,1.0,,,0,47988496,0,47988496,0,0
530,m_3807502_nw_18_1_20170609_inference_,0.029624604251469924,0.9993533677319799,0.8791946308724832,0.029745685740236148,30828,46420612,917,46420486,126,29911
531,m_3807616_se_18_1_20170611_inference_,0.15418649302946824,0.9995665764941583,0.2421818658624533,0.2979272521977579,12399,46740949,3694,46729390,11559,8705
532,m_3907653_ne_18_1_20170611_inference_,0.0,0.9999616209306139,0.0,,0,46900564,0,46898764,1800,0
533,m_3807648_nw_18_1_20170611_inference_,0.0,0.9999022066550508,0.0,0.0,4056,47023684,0,47023141,543,4056
534,m_3907542_nw_18_1_20170609_inference_,0.0,0.9999617291252823,0.0,,0,46223140,0,46221371,1769,0
535,m_3907639_ne_18_1_20170611_inference_,0.0,0.9997881203472985,0.0,,0,46469776,0,46459930,9846,0
536,m_3807643_sw_18_1_20170626_inference_,0.0,0.9999822263265582,0.0,,0,47654752,0,47653905,847,0
537,m_3807562_nw_18_1_20170611_inference_,0.7597883597883598,0.9999853534906008,0.9840109639104614,0.7692857142857142,2800,46492920,2154,46492885,35,646
538,m_3907621_se_18_1_20170611_inference_,0.0,0.9999707026064042,0.0,,0,46625308,0,46623942,1366,0
539,m_3807562_ne_18_1_20170611_inference_,,1.0,,,0,46450240,0,46450240,0,0
540,m_3807708_se_18_1_20170725_inference_,0.0,0.9981122817478647,0.0,,0,47628400,0,47538491,89909,0
541,m_3807630_sw_18_1_20170730_inference_,,1.0,,,0,47138800,0,47138800,0,0
542,m_3807619_ne_18_1_20170626_inference_,0.0,0.9999395412784717,0.0,,0,47387704,0,47384839,2865,0
543,m_3807644_nw_18_1_20170626_inference_,0.0,0.9995795734959226,0.0,,0,47525548,0,47505567,19981,0
544,m_3907627_ne_18_1_20170611_inference_,,1.0,,,0,46919008,0,46919008,0,0
545,m_3807630_ne_18_1_20170730_inference_,,1.0,,,0,47138800,0,47138800,0,0
546,m_3807637_se_18_1_20170730_inference_,0.0,0.9998737422878938,0.0,,0,47276320,0,47270351,5969,0
547,m_3807661_nw_18_1_20170730_inference_,,1.0,,,0,47496952,0,47496952,0,0
548,m_3807732_nw_18_1_20170716_inference_,0.0,0.9998705952701089,0.0,,0,47896240,0,47890042,6198,0
549,m_3907637_ne_18_1_20170611_inference_,,1.0,,,0,46717060,0,46717060,0,0
550,m_3907631_sw_18_1_20170611_inference_,0.0,0.999900758182562,0.0,,0,46542880,0,46538261,4619,0
551,m_3907518_se_18_1_20170609_inference_,0.0,0.9995094884556616,0.0,,0,45994840,0,45972279,22561,0
552,m_3807557_ne_18_1_20170611_inference_,0.0,0.9190274080327903,0.0,,0,46999360,0,43193700,3805660,0
553,m_3807533_sw_18_1_20170611_inference_,0.0,0.9997325714258395,0.0,,0,46853632,0,46841102,12530,0
554,m_3807552_ne_18_1_20170611_inference_,0.7559275886099541,0.9996766111806467,0.9759174791814872,0.7702966045712776,60552,46508776,46643,46507625,1151,13909
555,m_3907629_ne_18_1_20170611_inference_,0.0,0.9999405902047875,0.0,,0,46625308,0,46622538,2770,0
556,m_3807619_sw_18_1_20170626_inference_,,1.0,,,0,47470816,0,47470816,0,0
557,m_3907635_se_18_1_20170611_inference_,0.0,0.9997464421925637,0.0,,0,47010976,0,46999056,11920,0
558,m_3807538_nw_18_1_20170611_inference_,0.5179176490795246,0.9979981551091546,0.9595012872805114,0.5294925211116964,187929,46080391,99507,46076191,4200,88422
559,m_3907717_se_18_1_20170628_inference_,0.0,0.9998638048185086,0.0,,0,48056032,0,48049487,6545,0
560,m_3907621_sw_18_1_20170611_inference_,,1.0,,,0,46707808,0,46707808,0,0
561,m_3907630_sw_18_1_20170611_inference_,0.0,0.999893898824218,0.0,,0,46625308,0,46620361,4947,0
562,m_3807613_ne_18_1_20170730_inference_,,1.0,,,0,47084068,0,47084068,0,0
563,m_3807641_ne_18_1_20170626_inference_,,1.0,,,0,47821480,0,47821480,0,0
564,m_3907534_nw_18_1_20170609_inference_,0.0,0.999801440009286,,0.0,9169,46168311,0,46168311,0,9169
565,m_3907619_sw_18_1_20170609_inference_,,1.0,,,0,46919008,0,46919008,0,0
566,m_3807616_nw_18_1_20170611_inference_,0.0,0.9999318660046242,0.0,,0,46790152,0,46786964,3188,0
567,m_3907660_nw_18_1_20170626_inference_,0.0,0.999841505402783,0.0,,0,47112016,0,47104549,7467,0
568,m_3807602_se_18_1_20170716_inference_,0.0,0.9999134257382644,0.0,,0,47415940,0,47411835,4105,0
569,m_3807606_sw_18_1_20170611_inference_,0.0,0.9997674390869301,0.0,,0,46955440,0,46944520,10920,0
570,m_3807605_ne_18_1_20170611_inference_,0.0,0.9289056747064776,0.0,,0,46992316,0,43651429,3340887,0
571,m_3907659_sw_18_1_20170716_inference_,0.0,0.9993089415076656,0.0,,0,47286880,0,47254202,32678,0
572,m_3907622_sw_18_1_20170611_inference_,,1.0,,,0,46542880,0,46542880,0,0
573,m_3907720_se_18_1_20170628_inference_,0.0,0.99991082306106,0.0,,0,47758984,0,47754725,4259,0
574,m_3807615_ne_18_1_20170709_inference_,,1.0,,,0,46835920,0,46835920,0,0
575,m_3907526_nw_18_1_20170709_inference_,0.0,0.9997655631189057,0.0,,0,46131820,0,46121005,10815,0
576,m_3807557_sw_18_1_20170611_inference_,,1.0,,,0,47082112,0,47082112,0,0
577,m_3807654_sw_18_1_20170730_inference_,,1.0,,,0,47413840,0,47413840,0,0
578,m_3807503_sw_18_1_20170609_inference_,0.1402863392324518,0.998694628968303,0.9370967741935484,0.14161994752161508,69743,46299449,9877,46298786,663,59866
579,m_3807636_sw_18_1_20170626_inference_,0.0,0.999982935493979,0.0,,0,47525548,0,47524737,811,0
580,m_3807651_nw_18_1_20170626_inference_,,1.0,,,0,47700736,0,47700736,0,0
581,m_3807643_se_18_1_20170626_inference_,0.0,0.9999019476979907,0.0,,0,47617444,0,47612775,4669,0
582,m_3807551_ne_18_1_20170611_inference_,0.7808512528001736,0.9990488959235081,0.9595508206860172,0.807428760937779,195995,46501313,158252,46494642,6671,37743
583,m_3807606_se_18_1_20170611_inference_,,1.0,,,0,46955440,0,46955440,0,0
584,m_3907635_nw_18_1_20170609_inference_,0.0,0.9999484454584402,0.0,,0,47056960,0,47054534,2426,0
585,m_3807553_ne_18_1_20170611_inference_,0.4853292301161989,0.9993740186505442,0.9533421345191774,0.49713757744845827,55198,46431810,27441,46430467,1343,27757
586,m_3807554_sw_18_1_20170611_inference_,0.26935498754267784,0.9996590760349139,0.847191989551589,0.28310945152999367,20621,46429619,5838,46428566,1053,14783
587,m_3907549_sw_18_1_20170709_inference_,0.6033781147221138,0.9998470704413966,0.8642606196103482,0.6665435063735452,16239,46508449,10824,46506749,1700,5415
588,m_3807544_nw_18_1_20170611_inference_,0.0,0.9996741846908335,0.0,,0,46569328,0,46554155,15173,0
589,m_3907657_sw_18_1_20170716_inference_,0.0,0.998986555801113,0.0,,0,47453032,0,47404941,48091,0
590,m_3807605_nw_18_1_20170611_inference_,0.0,0.9997868299982938,0.0,,0,47075104,0,47065069,10035,0
591,m_3907663_ne_18_1_20170611_inference_,,1.0,,,0,46652848,0,46652848,0,0
592,m_3807527_nw_18_1_20170611_inference_,0.6673592805086059,0.9990792601942361,0.9375959915037307,0.6983797291705544,123251,46474061,86076,46468332,5729,37175
593,m_3807612_sw_18_1_20170626_inference_,0.0,0.9999620262328535,0.0,,0,47295808,0,47294012,1796,0
594,m_3907633_ne_18_1_20170609_inference_,0.0,0.9982087342445516,0.0,,0,47176696,0,47092190,84506,0
595,m_3807631_ne_18_1_20170709_inference_,0.0,0.9998903626908733,,0.0,5145,46922311,0,46922311,0,5145
596,m_3807558_ne_18_1_20170611_inference_,0.8463329452852154,0.9999859188152279,0.9583443184814131,0.8786560309402949,4137,46866919,3635,46866761,158,502
597,m_3807635_se_18_1_20170626_inference_,0.0,0.9997175619618942,0.0,,0,47571496,0,47558060,13436,0
598,m_3907626_nw_18_1_20170609_inference_,0.0,0.999775823641413,0.0,,0,47047780,0,47037233,10547,0
599,m_3907643_ne_18_1_20170611_inference_,0.0,0.9990129621633017,0.0,,0,47056960,0,47010513,46447,0
600,m_3807533_se_18_1_20170611_inference_,0.0,0.99881537182071,0.0,,0,46807936,0,46752486,55450,0
601,m_3907631_nw_18_1_20170611_inference_,0.0,0.9999756782768959,0.0,,0,46460524,0,46459394,1130,0
602,m_3807607_sw_18_1_20170611_inference_,,1.0,,,0,46872760,0,46872760,0,0
603,m_3807740_se_18_1_20170716_inference_,,1.0,,,0,47904952,0,47904952,0,0
604,m_3807622_sw_18_1_20170730_inference_,0.0,0.9999654088424257,0.0,,0,47092960,0,47091331,1629,0
605,m_3907628_sw_18_1_20170611_inference_,0.0,0.99998317061228,0.0,,0,46882276,0,46881487,789,0
606,m_3907639_nw_18_1_20170611_inference_,0.0,0.9978374164390007,0.0,,0,46588720,0,46487968,100752,0
607,m_3907623_ne_18_1_20170611_inference_,0.0,0.9994364152391143,0.0,,0,46323112,0,46297005,26107,0
608,m_3907618_sw_18_1_20170609_inference_,0.0,0.9996755425679987,0.0,,0,47038528,0,47023266,15262,0
609,m_3807557_nw_18_1_20170611_inference_,0.0,0.9473623018440634,0.0,,0,47082112,0,44603818,2478294,0
610,m_3807623_sw_18_1_20170730_inference_,,1.0,,,0,46964368,0,46964368,0,0
611,m_3807545_ne_18_1_20170611_inference_,0.4117647058823529,0.9985098511445809,0.9268904505677575,0.42558710006418315,113737,46291023,48405,46287205,3818,65332
612,m_3807502_ne_18_1_20170609_inference_,0.23422560562775566,0.9990016886451744,0.6398412125586431,0.26979628326327204,52573,46398867,14184,46390883,7984,38389
613,m_3807648_se_18_1_20170611_inference_,,1.0,,,0,47027740,0,47027740,0,0
614,m_3807510_sw_18_1_20170611_inference_,0.5641703223488195,0.9987503547018766,0.8791661319863278,0.6115935207427124,123224,46465196,75363,46454838,10358,47861
615,m_3807625_se_18_1_20170626_inference_,,1.0,,,0,47729368,0,47729368,0,0
616,m_3807716_se_18_1_20170716_inference_,0.0,0.999791850828984,0.0,,0,47720584,0,47710651,9933,0
617,m_3807631_sw_18_1_20170730_inference_,0.0,0.9999873890116254,0.0,,0,47101780,0,47101186,594,0
618,m_3907644_sw_18_1_20170611_inference_,0.0,0.9889591094195421,0.0,,0,47020120,0,46500976,519144,0
619,m_3907645_se_18_1_20170611_inference_,0.0,0.9995842876764315,0.0,,0,46808812,0,46789353,19459,0
620,m_3907549_se_18_1_20170709_inference_,0.5232941310152832,0.9992766291513322,0.8992652981522614,0.5558791134179278,66277,46330395,36842,46326268,4127,29435
621,m_3807546_nw_18_1_20170611_inference_,0.46207185360485387,0.9988073749076949,0.9295664269900669,0.478836566215207,99086,46214714,47446,46211119,3595,51640
622,m_3907558_nw_18_1_20170609_inference_,0.05642665042878165,0.9991978019038777,0.9289891395154553,0.05667108347772908,39244,46320876,2224,46320706,170,37020
623,m_3807647_sw_18_1_20170730_inference_,,1.0,,,0,47193388,0,47193388,0,0
624,m_3807543_sw_18_1_20170611_inference_,0.14790751003248614,0.9994280865795773,0.9793336145086461,0.148370607028754,31300,46748508,4644,46748410,98,26656
625,m_3907619_ne_18_1_20170611_inference_,0.0,0.9999816415254589,0.0,,0,46790380,0,46789521,859,0
626,m_3907642_nw_18_1_20170609_inference_,0.0,0.9996826871538627,0.0,,0,47268808,0,47253809,14999,0
627,m_3907542_ne_18_1_20170609_inference_,0.10377566791786266,0.9995605000532727,0.6772334293948127,0.1091753774680604,21525,46155955,2350,46154835,1120,19175
628,m_3807652_ne_18_1_20170730_inference_,,1.0,,,0,47534224,0,47534224,0,0
629,m_3907639_se_18_1_20170611_inference_,,1.0,,,0,46515544,0,46515544,0,0
630,m_3807540_ne_18_1_20170611_inference_,0.0,0.9999585662035941,0.0,,0,45976960,0,45975055,1905,0
631,m_3807609_se_18_1_20170716_inference_,0.0,0.9993122468019298,0.0,,0,47591200,0,47558469,32731,0
632,m_3907620_se_18_1_20170611_inference_,,1.0,,,0,46707808,0,46707808,0,0
633,m_3807517_ne_18_1_20170611_inference_,0.6215982856191744,0.9992206055480286,0.8614410933625511,0.6906503924084284,86517,46584331,59753,46574720,9611,26764
634,m_3907619_nw_18_1_20170609_inference_,0.0,0.9998463644634843,0.0,,0,46909720,0,46902513,7207,0
635,m_3807608_ne_18_1_20170611_inference_,0.4868889293738993,0.9990946143537625,0.5912858786394879,0.7338764302059496,54625,46607259,40088,46579549,27710,14537
636,m_3907517_se_18_1_20170609_inference_,,1.0,,,0,46122496,0,46122496,0,0
637,m_3907622_ne_18_1_20170611_inference_,,1.0,,,0,46497040,0,46497040,0,0
638,m_3807708_nw_18_1_20170725_inference_,0.0,0.9999238761589184,0.0,,0,47711728,0,47708096,3632,0
